Sample Base Name,RRT Mean,% Area Mean
DPS21003,0.19238727335052666,4.1666638888888885
DPS22413,0.2093360851719127,4.545454545454546
